"Molecule","State","Excitation","LDA S","PBE S","r2SCAN S","PBE0 S","r2SCAN0 S","HSE12 S","TBE S","LDA T","PBE T","r2SCAN T","PBE0 T","r2SCAN0 T","HSE12 T","TBE T","LDA ST","PBE ST","r2SCAN ST","PBE0 ST","r2SCAN0 ST","HSE12 ST","TBE ST"
"Acetaldehyde","A’’","Valence",4.075,4.151,4.586,4.309,4.604,4.352,4.31,3.513,3.503,3.828,3.627,3.819,3.661,3.98,0.562,0.648,0.758,0.682,0.785,0.691,0.33
"Ammonia","A2","Rydberg",5.637,5.532,6.352,6.205,6.760,6.415,6.66,5.441,5.252,6.031,5.879,6.378,6.052,6.37,0.196,0.280,0.321,0.326,0.382,0.363,0.29
"Carbon monoxide","Pi","Valence",8.354,8.394,8.913,8.588,8.910,8.630,8.48,6.006,5.868,6.109,5.906,6.017,5.909,6.28,2.348,2.526,2.804,2.682,2.893,2.721,2.20
"Cyclopropene","B1","Valence",6.151,6.184,6.625,6.482,6.729,6.538,6.68,5.757,5.724,6.008,5.978,6.107,6.037,6.45,0.394,0.459,0.617,0.504,0.622,0.501,0.23
"Cyclopropene","B2","Valence",6.185,5.889,6.567,6.519,6.696,6.577,6.78,4.236,4.060,3.928,4.006,3.843,3.978,4.38,1.949,1.829,2.639,2.513,2.853,2.599,2.40
"Diazomethane","A2","Valence",3.059,3.051,3.348,3.059,3.255,3.059,3.13,2.688,2.600,2.781,2.567,2.656,2.552,2.80,0.371,0.450,0.567,0.492,0.599,0.507,0.33
"Diazomethane","B1","Rydberg",5.167,4.959,5.650,5.339,5.793,5.500,5.59,5.106,4.838,5.524,5.204,5.642,5.336,5.40,0.061,0.121,0.126,0.135,0.151,0.164,0.19
"Diazomethane","A1","Valence",5.894,5.742,6.261,6.014,6.318,6.109,5.89,4.187,4.008,4.004,3.807,3.766,3.754,4.05,1.707,1.734,2.257,2.207,2.552,2.355,1.84
"Dinitrogen","Pi_g","Valence",9.146,9.170,9.710,9.385,9.735,9.424,9.33,7.583,7.454,7.658,7.601,7.797,7.617,8.03,1.563,1.716,2.052,1.784,1.938,1.807,1.30
"Ethylene","B3u","Rydberg",6.666,6.460,7.181,6.857,7.344,7.028,7.43,6.633,6.371,7.082,6.755,7.219,6.891,7.28,0.033,0.089,0.099,0.102,0.125,0.137,0.15
"Ethylene","B1u","Valence",7.875,7.741,8.145,7.905,8.121,7.945,7.89,4.805,4.500,4.296,4.313,4.113,4.260,4.54,3.070,3.241,3.849,3.592,4.008,3.685,3.35
"Ethylene","B1g","Rydberg",7.209,6.975,7.665,7.451,7.944,7.637,8.10,7.177,6.906,7.615,7.373,7.874,7.543,8.00,0.032,0.069,0.050,0.078,0.070,0.094,0.10
"Formaldehyde","A2","Valence",3.699,3.812,4.250,3.956,4.250,3.999,3.97,3.082,3.108,3.426,3.219,3.403,3.253,3.58,0.617,0.704,0.824,0.737,0.847,0.746,0.39
"Formaldehyde","B2_3s","Rydberg",5.941,5.820,6.666,6.735,7.318,7.023,7.30,5.880,5.673,6.501,6.559,7.106,6.821,7.14,0.061,0.147,0.165,0.176,0.212,0.202,0.16
"Formaldehyde","B2_3p","Rydberg",6.731,6.601,7.348,7.558,8.094,7.887,8.14,6.699,6.487,7.254,7.421,7.953,7.726,7.96,0.032,0.114,0.094,0.137,0.141,0.161,0.18
"Formaldehyde","A1_3p","Rydberg",6.960,6.829,7.670,7.648,8.224,7.924,8.27,6.903,6.708,7.535,7.493,8.043,7.746,8.15,0.057,0.121,0.135,0.155,0.181,0.178,0.12
"Formaldehyde","A1_pi","Valence",9.288,9.151,9.860,9.682,10.022,9.832,9.26,6.311,5.976,5.703,5.704,5.474,5.628,6.07,2.977,3.175,4.157,3.978,4.548,4.204,3.19
"Formamide","A’’","Valence",5.331,5.394,5.879,5.616,5.955,5.678,5.63,4.865,4.861,5.239,5.049,5.292,5.102,5.37,0.466,0.533,0.640,0.567,0.663,0.576,0.26
"Formamide","A’’","Valence",7.325,7.226,7.781,7.875,8.205,8.009,7.64,5.446,5.344,5.465,5.420,5.458,5.438,5.81,1.879,1.882,2.316,2.455,2.747,2.571,1.83
"Hydrogen sulfide","A2","Rydberg",5.931,5.870,6.427,6.045,6.377,6.092,6.10,5.533,5.361,5.756,5.484,5.685,5.512,5.74,0.398,0.509,0.671,0.561,0.692,0.580,0.36
"Hydrogen sulfide","B1","Rydberg",5.610,5.531,6.318,5.991,6.479,6.130,6.29,5.348,5.217,5.898,5.609,5.985,5.712,5.94,0.262,0.314,0.420,0.382,0.494,0.418,0.35
"Ketene","A2_pi","Valence",3.854,3.856,4.261,3.950,4.215,3.975,3.86,3.533,3.464,3.762,3.541,3.704,3.561,3.77,0.321,0.392,0.499,0.409,0.511,0.414,0.09
"Ketene","B1","Rydberg",5.556,5.365,6.072,5.843,6.304,6.020,6.06,5.453,5.210,5.888,5.656,6.073,5.794,5.85,0.103,0.155,0.184,0.187,0.231,0.226,0.21
"Ketene","A2_3p","Rydberg",6.503,6.279,6.895,6.920,7.399,7.136,7.19,6.515,6.250,6.880,6.873,7.358,7.078,7.14,-0.012,0.029,0.015,0.047,0.041,0.058,0.05
"Methanimine","A’’","Valence",4.810,4.956,5.394,5.163,5.436,5.213,5.21,3.980,4.019,4.321,4.177,4.332,4.210,4.64,0.830,0.937,1.073,0.986,1.104,1.003,0.57
"Nitrosomethane","A’’","Valence",1.853,1.910,2.196,1.905,2.105,1.903,1.95,0.900,0.841,0.997,0.775,0.860,0.755,1.16,0.953,1.069,1.199,1.130,1.245,1.148,0.79
"Streptocyanine-C1","B2","Valence",7.857,7.856,8.264,7.985,8.254,8.023,7.12,5.112,5.018,5.174,5.119,5.196,5.149,5.52,2.745,2.838,3.090,2.866,3.058,2.874,1.60
"Thioformaldehyde","A2","Valence",2.078,2.150,2.409,2.246,2.404,2.273,2.20,1.567,1.564,1.744,1.633,1.721,1.652,1.94,0.511,0.586,0.665,0.613,0.683,0.621,0.26
"Thioformaldehyde","B2","Rydberg",5.152,5.049,5.780,5.639,6.098,5.812,5.99,5.061,4.905,5.570,5.436,5.809,5.571,5.76,0.091,0.144,0.210,0.203,0.289,0.241,0.23
"Thioformaldehyde","A1","Valence",6.934,6.848,7.092,6.804,6.953,6.782,6.34,3.651,3.379,3.172,3.139,2.959,3.077,3.44,3.283,3.469,3.920,3.665,3.994,3.705,2.90
"Water","B1","Rydberg",6.573,6.412,7.300,7.191,7.803,7.426,7.70,6.319,6.093,6.931,6.793,7.335,6.984,7.33,0.254,0.319,0.369,0.398,0.468,0.442,0.37
"Water","A2","Rydberg",7.875,7.675,8.436,8.614,9.199,8.939,9.47,7.836,7.582,8.370,8.471,9.062,8.759,9.30,0.039,0.093,0.066,0.143,0.137,0.180,0.17
"Water","A1","Rydberg",8.664,8.576,9.490,9.388,10.001,9.624,9.97,8.302,8.142,8.979,8.875,9.393,9.066,9.59,0.362,0.434,0.511,0.513,0.608,0.558,0.38
